video_id,comment
NnqTib39sao,I like it... from philippines
NnqTib39sao,ğŸ˜ğŸ˜ğŸ˜
NnqTib39sao,â¤Fireâ¤
NnqTib39sao,â¤â¤ğŸ‰ğŸ‰ğŸ˜Š
NnqTib39sao,2025 hadirğŸ¥¹
NnqTib39sao,"Salam Aidilfitri, Selamat Hari Raya 2025ğŸ‰ğŸ‰ğŸ‰ğŸ‰"
NnqTib39sao,Lagu raya yg simple tp best!! ğŸ«°ğŸ»
NnqTib39sao,rindu najwa latiff
NnqTib39sao,Ada ketenangan bila dgr lagu ni...dah 2025..sapa setuju???
NnqTib39sao,2:10
NnqTib39sao,Selamat hari raya Aidilfitri maaf zahir dan batin 2025
NnqTib39sao,The best modern raya song
NnqTib39sao,Happy hari raya
NnqTib39sao,selamat Hari raya jat â¤
NnqTib39sao,Raya tahun ni terasa sekejap je ğŸ˜¢ğŸ˜¢
NnqTib39sao,Heo mhoğŸ‚ğŸŠğŸ‰
NnqTib39sao,Dah 2025 sedap lg lagu ni
NnqTib39sao,ğŸ’™ğŸ’™ğŸ’™ğŸ’™ğŸ’™ğŸ’™
NnqTib39sao,2025 masih Best lagu raya niâ¤
NnqTib39sao,ğŸˆ oyen nak wit raya
NnqTib39sao,Ada ketenagan bila dgr Lagu
NnqTib39sao,65
NnqTib39sao,SEBAB TU TAKKAN MELAYU HILANG DIDUNIA...KITA ADA 9RAJA2 MELAYU SANA ADA 1RAJA...KENA BETULKAN BARU LAH SELAMAT LAN SEMUA NEGARA FAHAMAN...
NnqTib39sao,"saya dari indonesia, dan sangat menyukai lagu hari raya versi malaysia dri dulu,"
NnqTib39sao,ğŸ’™ğŸ’™ğŸ’™ğŸ’™
NnqTib39sao,Happy eid ftr Mubarak to all Muslim brothers and sisters May Allah bless you and your whole family greetings from Philippines ğŸ‡µğŸ‡­â¤
NnqTib39sao,Salam aidilfitri 2025ğŸ‰ğŸ‰
NnqTib39sao,Raya pertama 2025
NnqTib39sao,Satu hari dihari raya karaoke
NnqTib39sao,à¸‰à¸±à¸™à¸¡à¸²à¸ˆà¸²à¸2025ğŸ‰â¤
NnqTib39sao,rindu raya time2 mcm ni. Rumah kampung suasana kg. Sekarang dah xde smua tu.
NnqTib39sao,masih minat lagu ni..dimalam raya 2025
NnqTib39sao,2025 ğŸ¥°ğŸ¥°ğŸ¥°
NnqTib39sao,Every year
NnqTib39sao,2025
NnqTib39sao,Lagu ini membuat saya jadi gembira â¤â¤â¤â¤
NnqTib39sao,"sehari lagi dah raya bah, 31 mac 2025"
NnqTib39sao,Masuk
NnqTib39sao,Esok raya
NnqTib39sao,"Lagu ni legend , still fresh ğŸ˜Š"
NnqTib39sao,Saya orang indonesia dari sekian banyak lagu raya. Hanya ini yg aku suka sampai hafal lirik nya â¤
NnqTib39sao,Eid Mubarak kasih sayang ku 2025
NnqTib39sao,Ada lagu raya Indonesia?
NnqTib39sao,2hari lagi nak raya ğŸ‰ tahun 2025. Mengimbau betul zaman sekolah lagu ni. Lawa bethol ye mimie haris tu.
NnqTib39sao,Jumpa 2026
NnqTib39sao,anyone in 2025?ğŸ‘€
NnqTib39sao,Selamat hri rya maaf zahir dan batin semua.....kosong kosong kita
NnqTib39sao,2025 hereğŸ¤š
NnqTib39sao,Lagu yang pernah di kritik dalam kalangan netizen..kini lagu ni EvergreeN di manaÂ² dalam tandas mall pun tetap bergema station petronas pun..i love you najwa....
NnqTib39sao,3 hari lagi dah nak raya 2025ğŸ¥¹
NnqTib39sao,â¤â¤â¤
NnqTib39sao,"Siuk ni lagu, rupanya c Patrick yg compose â¤â¤â¤â¤"
NnqTib39sao,2025 hadir
NnqTib39sao,Sian aku sorang2 2025 ğŸ˜¢
NnqTib39sao,Hadir 2025
NnqTib39sao,Hasil lagu buatan patrick..support guysss.. skrg 2025 masih segar lagi lagu ner..
NnqTib39sao,Saya suka lagu niğŸ˜®â¤
NnqTib39sao,Berapa hari ja lagi mau raya harap tahun depan dapat berjumpa ramadan lagiğŸ˜¢ğŸ˜¢
NnqTib39sao,Cool man ğŸ‰ selamat hari raya
NnqTib39sao,Wow sedapnya lagu
NnqTib39sao,WOW sedapnya lagi
NnqTib39sao,Cantik betul neeta ni..
NnqTib39sao,Datang sini lepas dengar semua lagu raya 2025...lagu raya lama juga dihatiâ¤â¤
NnqTib39sao,Sedap macam ni pun kena kritik ada problem telinga lah tuhh..
NnqTib39sao,"Antara lagu raya yang layak all the time. Lagu raya uplifting camni aku suka, kena mood raya. Aku x suka lagu raya sedih, melodi sedih"
NnqTib39sao,Salam 2025
NnqTib39sao,Iâ€™m Muslim from Philippines ğŸ‡µğŸ‡­
NnqTib39sao,Hari raya ke hari ra a aya ni? ğŸ˜‚ğŸ˜‚
NnqTib39sao,23/3/2025..siapa yang masih tengok
NnqTib39sao,masih ingat dulu tolong mak masakkuih mase raya rindu time tu
NnqTib39sao,alsm 2025
NnqTib39sao,Tahun 2025 masih sedap layan lagu raya ni
NnqTib39sao,"2025 masih dengar, baru tahu komposer ni lagu si Patrick anohada, dari Sabah ğŸ˜‚,  yg hebatnya dia bukan muslim ğŸ”¥ğŸ”¥ lagu ni onetop sampai sekarang haha 

22/03/25 ~ ."
NnqTib39sao,teringat derjah 1
NnqTib39sao,"Lagu santai, tp best.."
NnqTib39sao,Salam tahun 2025
NnqTib39sao,Suka lagu raya ni.. 2 tahun lps guna lagu ni utk klip video raya..
NnqTib39sao,raya 2025 ğŸ‰ğŸ‰ğŸ‰
NnqTib39sao,8 hari lagi
NnqTib39sao,still listening to this music
NnqTib39sao,2025 viral balik tudung beaded yg deana pakai ğŸ˜…
NnqTib39sao,Sapa yg tengok 2025
NnqTib39sao,2026?
NnqTib39sao,2025
NnqTib39sao,Lama jgk lagu ni
NnqTib39sao,2025 spa yg tgok...sila komenn??
NnqTib39sao,Lagu Raya utk tahun ni 2025 masih menjadi pilihan..
NnqTib39sao,I dunno why lagu ni susah sangat radio nak mainkan every year... ğŸ˜¢
NnqTib39sao,Spa yang tgok2025 ....sila komennn?????
NnqTib39sao,Anyone 2025 ?
NnqTib39sao,Bila Najwa Latif nak buat lagu raya ni?
NnqTib39sao,padu kampung jenjaromku
NnqTib39sao,2025
NnqTib39sao,Salam Ramadhan 2025 hehe
NnqTib39sao,Banyak-banyak lagu raya.. hanya lagu raya ini yang dihatiâ¤  tahun 2010 sampailah sekarang 2025 . Saya tidak lupa mendengar lagu raya nie â¤â¤â¤
NnqTib39sao,best lagu niâ¤
NnqTib39sao,the harmony was tiptoppp oooo
NnqTib39sao,Saya 2025
NnqTib39sao,Canâ€™t wait to celebrate with my Muslim friends and colleagues out there ğŸ‰
NnqTib39sao,Lagu raya ni dah boleh dianggap sebagai lagu raya evergreenâ€¦.
NnqTib39sao,lagu raya ne jg paling bestt pada ak..congrats patrick anohadağŸ‘ğŸ‘â¤ï¸
NnqTib39sao,Zaman ni sedap dgrğŸ˜¢ğŸ˜¢ğŸ˜¢ geng ii najwa latif suara semua hampir sama ....rinduuuu
NnqTib39sao,Yang masih dengar tahun 2025 kumpul sini selemat hari raya korangğŸ‰
NnqTib39sao,2025 ???
NnqTib39sao,SayağŸ™‹
NnqTib39sao,Lagu ni baru 13 tahun. Nak Cong pun agak2 la ğŸ˜†ğŸ˜†ğŸ˜†
NnqTib39sao,"Bila tgok video ni skrg, hnya beberapa saja yg still jadi penyanyi, kt dlm ni ada yg dh jdi dj radio, ada yg dh jadi pensyarah"
NnqTib39sao,Ramadhan Ker 10
NnqTib39sao,ramadhan ke 12
NnqTib39sao,Ramadan ke 18
NnqTib39sao,"Ramahadan ke 28 / 28.3.2025
Jumaat
3:50 petangâœ…âœ…"
NnqTib39sao,Selamat hari raya ğŸ˜Š
NnqTib39sao,Ramadan 29 | 30 Mac 2025 hadirr
NnqTib39sao,Hadir
NnqTib39sao,Raya too
NnqTib39sao,Selamat hari raya
NnqTib39sao,Selamat hari raya Aidilfitri
NnqTib39sao,Raya ke 17
NnqTib39sao,Syawal dah ni
NnqTib39sao,the REAL OG lagu raya modern
NnqTib39sao,Vibrant ya kaler baju kurung n tdung duluğŸ˜‚ğŸ˜‚
NnqTib39sao,2025 yang masih dengar lagu ni
NnqTib39sao,Esok dah puasa dah...2025
NnqTib39sao,2025 mana ni rindu nya zaman raya dulu.ahad dh posa pastu raya rindu nya zaman kanak ii
NnqTib39sao,Dah nak puasa nie 2025 ğŸ‰ğŸ‰ğŸ‰ğŸ‰
NnqTib39sao,Hfkâ¤
NnqTib39sao,"2025 hadirr ,ğŸ™‹ğŸ™‹ğŸ™‹"
NnqTib39sao,2025
NnqTib39sao,Memang vibes dulu duluğŸ˜¢ğŸ˜¢
NnqTib39sao,2025 lagi sebulan nak puasa.
NnqTib39sao,2025 lagi berapa hari nak puasa
NnqTib39sao,2025 is here...lme pulak aku tk dgr lgu raya vibes2 gini
NnqTib39sao,"2025 ,, sape layan?? Lagi brp hr nk puasağŸ˜Š"
NnqTib39sao,Sapa yg tngok 2025?
NnqTib39sao,Saipa yang tngok 2025 ???
NnqTib39sao,salam tahun 2025
NnqTib39sao,2025
NnqTib39sao,2025 here! lagi sebulan nak rayaa
NnqTib39sao,2025 gaess?
NnqTib39sao,Lepas tu 2026 pon tanya.. 2027 pon tanya.. BanggangğŸ˜‚
NnqTib39sao,salam 2025 bro
NnqTib39sao,yang ni gak best dgr ğŸ˜‚
NnqTib39sao,Ramadhan Ker 10
NnqTib39sao,Masih fav lagu raya walau da 11 tahun
NnqTib39sao,"Salam 2025 juga, salam Ramadhan 16 salam dari sabah..fav song"
NnqTib39sao,Â @konamipes-ft6bnÂ real
NnqTib39sao,"Itulah.. buka2 lagu ni, eh 11tahun dah lagu ni ğŸ˜…â€‹Â @PuanSyuhada-l8zÂ "
NnqTib39sao,Antara lagu ii best raya
NnqTib39sao,Lagu mcm ni sronok ddgr.. Lgu skg ni 2025 tah apa apa lah..
NnqTib39sao,raya ke 6â€‹Â @MobilJatuh-s4hÂ 
NnqTib39sao,syawal 8 hadirr ğŸ™‹ğŸ¼â€â™‚ï¸
NnqTib39sao,Salam 2025
NnqTib39sao,INGAT LAGU NI DARI 2025ğŸ˜­
NnqTib39sao,2025 hereğŸ˜™
NnqTib39sao,kak noor inah 36 thn hari bulan ramadan 2025 bulan 1 march 2025 salam semua semunya bulan ramadan
NnqTib39sao,"Lagu Raya Moden (2010 ke atas)

1) Anugerah Syawal
2) Syukur Selalu
3) Hari Raya"
NnqTib39sao,OtwğŸ‰
NnqTib39sao,Sapa yg tngk 2025 ??
NnqTib39sao,à¸ˆà¸•à¸‚à¸¢à¸šà¸™à¸¥à¸§â¤hubih
NnqTib39sao,2025?
NnqTib39sao,Sape masih dengar dan tengok lagu raya ni 2025!!!â¤â¤â¤
NnqTib39sao,"2025 
Sapa tengok meh kumpul sini ğŸ˜ŠğŸ˜ŠğŸ˜Š"
NnqTib39sao,Teringat masa baby atau derjah 1.derjah 1 tu tahun 2019
NnqTib39sao,January 2025 now 20 tahun ğŸ˜Š
NnqTib39sao,Rindunyaaaaaa rayaa zmn dlu2 .. oh my childhood time ğŸ˜¢ğŸ˜­â¤ï¸
NnqTib39sao,Ersalinasofia
NnqTib39sao,Sapa tgok tahun 2025
NnqTib39sao,3 januari 2025 hadir
NnqTib39sao,Esok 2025
NnqTib39sao,Iqbalnin
NnqTib39sao,"Masih astri perkotaannya,. salam dr Borneo"
NnqTib39sao,0:19
NnqTib39sao,â¤â¤â¤â¤â¤â¤â¤â¤â¤â¤â¤â¤â¤â¤â¤â¤â¤â¤â¤â¤â¤â¤â¤â¤ğŸ˜ğŸ˜ğŸ˜ğŸ˜ğŸ˜ğŸ˜ğŸ˜ğŸ˜ŒğŸ˜ŒğŸ˜ŒğŸ˜ğŸ˜ğŸ˜ğŸ•‹ğŸ•Œâ˜ªï¸ğŸ‡¹ğŸ‡­
NnqTib39sao,saya ğŸ˜‰
NnqTib39sao,Saya tgok dari Italy ğŸ‡®ğŸ‡¹
NnqTib39sao,11 tahun...
NnqTib39sao,SamosağŸ˜¢ğŸ‰
NnqTib39sao,ğŸ•‹
NnqTib39sao,muslim from ğŸ‡µğŸ‡­ â¤
NnqTib39sao,u
NnqTib39sao,ğŸ˜ŠğŸ˜ŠğŸ˜ŠğŸ˜ŠğŸ˜…ğŸ˜…ğŸ˜…ğŸ˜®ğŸ˜®ğŸ˜®ğŸ˜¢ğŸ˜¢ğŸ˜¢ğŸ‰ğŸ‰ğŸ‰ğŸ‰ğŸ‰ğŸ˜‚ğŸ˜‚ğŸ˜‚ğŸ˜‚â¤â¤â¤â¤â¤â¤â¤â¤â¤â¤
NnqTib39sao,2013 saya baru lahir dan melihat dunia â¤
NnqTib39sao,ğŸ‰ğŸ‰ğŸ‰17-6-24
NnqTib39sao,Zaman2 dorng bujang haha
NnqTib39sao,hai cikgu saya azim darjah 3
NnqTib39sao,â¤â¤â¤
NnqTib39sao,Saya siapa budak baik kata saya
NnqTib39sao,"Saya datang lepas tengok Mimie Harris buat iklan Wow Shop. Lupa betul namanya, tapi ingat dia pernah nyanyi lagu raya dgn Najwa Latiff n Neeta ğŸ˜‚"
NnqTib39sao,Itu?!! rumah nenek!?!?!!!
NnqTib39sao,saya
NnqTib39sao,Lagu ni vibe vibe lagu raya dulu dulu
NnqTib39sao,Meriah. Neeta ni x tua2.
NnqTib39sao,sayağŸ™‹
NnqTib39sao,Lagu ni kawan aku nyanyi kat sekolah.. Sebab lagu ni popular sangat kat sekolah
NnqTib39sao,Saya suka dengar Lagu Ni...
NnqTib39sao,Mmng dh 10 tahun lgu niğŸ˜‚
NnqTib39sao,"Rindu lagi niğŸ˜¢ arwah Abah ada lagi suka dgr lagu ni, x over tapi happening ğŸ‰"
NnqTib39sao,Penyanyi lagu ni semua sedap2 suaranya.. lagu pn sedap so tiap kali raya mst dengar lagu ni.. raya 2024 still â¤â¤â¤â¤â¤
NnqTib39sao,Sapa karok lagu ni time raya ğŸ™‹ğŸ»â€â™€ï¸
NnqTib39sao,Besdangar kan dangar lagu raya ni ğŸ˜ŠğŸ˜ŠğŸ˜ŠğŸ˜‚ğŸ˜‚ğŸ˜¢ğŸ˜¢â¤â¤â¤
NnqTib39sao,Malaysia mmg mantap bikin lagu raya
NnqTib39sao,lagu raya paling riang n ceria bile dgr..smpai anak duk nyanyi kemain sakan jogetğŸ¥° day 6 Eid 2024
NnqTib39sao,Neeta the best
NnqTib39sao,dgr lagu ni time study diploma dulu. siap download lagi time tuğŸ˜‚. Kenangan betul. UniMAP 2012-2015.
NnqTib39sao,Aku org Jenjarom
NnqTib39sao,Dia shooting kat kampung aku ni
NnqTib39sao,Hari raye 2024
NnqTib39sao,Lagu ni masi topâ¤
NnqTib39sao,esok kena lawan rumah sukan! Wow rumah merahhhh
NnqTib39sao,FfttğŸ˜¢
NnqTib39sao,raya ke 3 ğŸ˜…
NnqTib39sao,Yesterday was our Eidil Fitriâ¤ I just love this song so much
NnqTib39sao,10 tahun dah lagu ni? Rasa macam baru 2-3 tahun. Nampak cepat benor masa berlalu. Dah tua dah.
NnqTib39sao,Still watching in 11.04.2024
NnqTib39sao,I'm muslim from Vietnam â¤
NnqTib39sao,Best lagu ni
NnqTib39sao,Saya juga ğŸ™Œ
NnqTib39sao,I'm Muslimâ€‹ fromâ€‹Thailand.â¤
NnqTib39sao,"I like this song
LOVE From Bangladesh"
NnqTib39sao,Selamat hari raya Aidilfitri maaf zahir batin semuanya ğŸ˜… 2024ğŸ‰
NnqTib39sao,Lagu raya paling best. Aku rate pada tahun 2024
NnqTib39sao,fav raya song
NnqTib39sao,""" MAHA SUCI MU YA ALLAH, TERPUJI DIRIMU YA RASULULLAH ""

Ø§Ù„Ø³Ù„Ø§Ù… Ø¹Ù„ÙŠÙƒÙ… ÙˆØ±Ø­Ù…Ø©Ø§Ù„Ù„Ù‡ ÙˆØ¨Ø±ÙƒØ§ØªÙ‡

Ø¨ÙØ³Ù’Ù€Ù€Ù€Ù€Ù€Ù€Ù€Ù€Ù€Ù€Ù€Ù€Ù€Ù€Ù€Ù€Ù€Ù€Ù€Ù€Ù€Ù€Ù…Ù Ø§Ù„Ù„Ù‘Ù‡Ù Ø§Ù„Ø±Ù‘ÙØ­Ù’Ù…ÙÙ†Ù Ø§Ù„Ø±Ù‘ÙØ­ÙÙŠÙ’Ù…,

Sepuluh jari tersusun rapi,
Bunga melati pengharum hati,
Mesej dikirim pengganti diri,
Memohon maaf setulus hati.


SELAMAT HARI RAYA EIDUL FITRI, MAAF ZAHIR & BATIN"
NnqTib39sao,"Semalam tngk! Hari ni tngk April 10, 2024! Eid Mubarak!!!"
NnqTib39sao,aku tiap tahun tengokâ¤ï¸
NnqTib39sao,Kami ğŸ˜‚â¤â¤â¤
NnqTib39sao,Qehkdll
NnqTib39sao,Soamialwkxmo
NnqTib39sao,Raya pertama 2024 hadirr
NnqTib39sao,Esok raya
NnqTib39sao,2033 aku DTG balik
NnqTib39sao,Selamat hari raya 1445â¤ğŸ‰
NnqTib39sao,Siapa yg tengok aku 2024ğŸ˜˜
NnqTib39sao,Masih suka dengar lagu raya ini.Meskipun MV lagu nya sudah hampir 11 tahun dikeluarkan.
NnqTib39sao,Nahh kau esok raya bukak lagu ni sebab amik mood masak makanan raya niğŸ˜œğŸ¤£
NnqTib39sao,sape tgk arini??? esok raya!!!
NnqTib39sao,hadir 2024
NnqTib39sao,Aku rindu arwah atok akuğŸ˜­ lepas dia meninggal tahun 2020 semua dah tak samaaâ˜¹ï¸
NnqTib39sao,Lagu ni dh 10 tahun ye... Rasa mcm fresh msih baru lagiğŸ˜…
NnqTib39sao,Akuu
NnqTib39sao,Suka bangget sama mv ini jadi AQ nak rindu di dekat K.l macem ini je.. hehehehe
NnqTib39sao,"nice song 
Salamat Hari Raya 
2024ğŸ‰ğŸ‰"
NnqTib39sao,Siapa tngok di 2024â¤ğŸ‰
NnqTib39sao,"setakat ni lagu raya modern yg ni paling best ğŸ‰ asal raya je teringat lagu ni, masterpiece ğŸ‰"
NnqTib39sao,2013 mmg tahun lagu raya best2 ek lagu siti nurhaliza pun byk 2013ğŸ˜‚
NnqTib39sao,Rindunyaaaaa time time ni ğŸ¥ºğŸ«¶ğŸ»âœ¨
NnqTib39sao,best lagu raya ni
NnqTib39sao,Raya 2024
NnqTib39sao,Tinggal beberapa hari lgi nak rayağŸ‰ğŸ‰
NnqTib39sao,Siapa tgok 2026ğŸ˜¢ğŸ˜¢ğŸ˜‚
NnqTib39sao,"damn,10 tahun lalu dah"
NnqTib39sao,2024 Hari raya HadirrğŸ‘‰ğŸ½
NnqTib39sao,happy aid day help side money
NnqTib39sao,5 days to raya 2024
NnqTib39sao,Wahh best lagu ni hehe
NnqTib39sao,05/04/2024 ğŸ‰ lgi 5hri raya ğŸ¥² beraya dekat perantaun tanpa family ğŸ˜¢ tiket sabah mcm nak pi oversea ğŸ¥²
NnqTib39sao,Rindunya zaman remaja
NnqTib39sao,Gila 10 tahun dah.  10/04/2024 raya. Kes keluar kt sinar.fm ja baru bleh refresh balikğŸ˜‚
NnqTib39sao,These groups is such a vibe back thenğŸ¥º hari2 mesti stream youtube NAR records. Beli gitar dulu pun sebab ni lahğŸ˜­
NnqTib39sao,Rindu dengar lagu ni dari 2019 until 2024 huhu xlama lagi nk raya...â¤
NnqTib39sao,Saya
NnqTib39sao,eh baru 2024 ğŸ˜…ğŸ˜‚ğŸ¤£
NnqTib39sao,Najwa latif pling bestâ¤
NnqTib39sao,Lagu raya baru yg ada vibe raya yg paling aku suka. Ramadan ke 24 pada tahun 2024 kejap jer nk raya. ğŸ˜¢
NnqTib39sao,à¸¡à¸¸à¸ªà¸¥à¸´à¸¡à¹„à¸—à¸¢à¸Šà¸­à¸šà¹€à¸à¸¥à¸‡à¸¡à¸²à¸à¸„à¸£à¸±à¸š à¹€à¸à¸¥à¸‡à¹€à¸à¸£à¸²à¸°à¸¡à¸²à¸à¸¡à¸´à¸§à¸ªà¸´à¸„à¸—à¸³à¹„à¸”à¹‰à¸”à¸µà¸¡à¸²à¸à¹†
NnqTib39sao,dengar di manis fm..trus cari di yutub hehe
NnqTib39sao,Raya Mau dekat suda semangat dengar lagu ni ğŸ˜…ğŸ¥°ğŸ¥°ğŸ‘ğŸ»ğŸ‘ğŸ»
NnqTib39sao,lagu ni pun kira legend gak sbb dlu masa sekolah selalu bermain kat mall.. sambil belek baju dengan arwah ayah :) thank you iamneeta and the team sbb cipta lagu yang ada memori..
NnqTib39sao,Composer lagu ni Patrik nii apehal?? Nk sebut Raya pon sangkut!! Hari Raaa aaakkk Ya?? Pala Hotak luu
NnqTib39sao,Rinduuu nyaa zaman niğŸ˜­
NnqTib39sao,2024 but still suka dengar lagu ni.
NnqTib39sao,2k24ğŸ˜˜ğŸ˜˜
NnqTib39sao,Nak raya dah 2024 ğŸ‰
NnqTib39sao,legend lagu nii . sedaapp â¤
NnqTib39sao,2024 mana suara nya ????
NnqTib39sao,Kenapa la lagu ni tak buat untuk aliff syukri...boleh selamatkan dia lagi..ğŸ˜‚ğŸ˜‚
NnqTib39sao,Saya
NnqTib39sao,Dah 10 tahun usia lagu ni..tp setiap tahun aku akan dgr ..lagu ni famous dlu masa tgh study..skrng dah umur 32 tahun..hahahaha
NnqTib39sao,2024 still dengar lagu ni
NnqTib39sao,Hari ini 10 Ramadan terakhir Ramadan 2024 ğŸ˜¢  Insyallah tahun depan saya dapat tengok status komen saya ini lagi. Nanti saya reply tahun depan
NnqTib39sao,Excited sangat belum raya dah dengar 2024
NnqTib39sao,Im not muslim but this song my fav all the time. We even sing this song together at my workplace lol ğŸ¤£â¤
NnqTib39sao,lagu ni pun kira legend gak sbb
NnqTib39sao,kann
NnqTib39sao,bbnu og semua dalam ni
NnqTib39sao,â€‹Â @qistinabalqish32Â yee rindu sangat zaman yg tak kan boleh  kembali
NnqTib39sao,2025 hadir
NnqTib39sao,2024â¤â¤â¤â¤
NnqTib39sao,Sama-sama   raya â¤ğŸ˜Š
NnqTib39sao,2024 masih mndengar lagu ni.   Antara lagu baru yg boleh diterima peminat lagu raya.
NnqTib39sao,Lagu ni best oooo
NnqTib39sao,"Siapa dengar lagu ni time sahur sekarang, ğŸ‰ğŸ‰ taa sabar rayaa â¤â¤â¤"
NnqTib39sao,haha...ingat lagi time 2010 semua ikut style tudung Najwa latif...keep it up Najwa...
NnqTib39sao,Lgu raya2 zmn bujang dlu 10thn dulu..
NnqTib39sao,ğŸ¥´ğŸ˜±
NnqTib39sao,16 Ramadhan ...26/3/2024...Selamat Hari Raya ğŸ’•ğŸ’•ğŸ’•
NnqTib39sao,Masih menunggu 2024 paling top 1 LH bgi saya lagu raya ni
NnqTib39sao,ğŸ‰â¤
NnqTib39sao,Lagu ray ni besttttâ¤â¤â¤
NnqTib39sao,Hadir dulu yang dari 2024ğŸ‰
NnqTib39sao,13 ramadan 1445h / 24 mac 2024
NnqTib39sao,Cute je mimie harris..
NnqTib39sao,Sape tgok 2024
NnqTib39sao,"Walaupun ni lagi agak baru, tapi boleh tersenarai dalam Evergreen ğŸ˜‚"
NnqTib39sao,Rindu Malaysia... Tahun ini beraya di negara Filipina.. tahun depan baru beraya di Malaysia dengan kedua orang tua dan keluarga .. hmmmğŸ˜¢ğŸ˜¢
NnqTib39sao,Alhamdulillah buat lagu raya ğŸ˜Š
NnqTib39sao,"Mv ni cukup rencah ek bila tgk balik....kita bukan tgk depa sbnrnya, kita nmpk msa remaja kita dn tiba2 rindu smua....klau nyanyi smula di taun bru cma tmbah sikit ja, ada shoot guna dron."
NnqTib39sao,project 1 dah siap belum?
NnqTib39sao,wish awal guys! selamat hari raya ğŸ¤£â¤ï¸
NnqTib39sao,Siapa tengok waktu ramadhan minggu ke dua 2024
NnqTib39sao,2024 ğŸ™ŒğŸ™ŒğŸ™Œ
NnqTib39sao,I from malaysia like your song in 2024
NnqTib39sao,keminatannn â¤
NnqTib39sao,"Rupanya lagu raya ni dicipta oleh seorang non-Muslim dari Sabah, Patrick Anohada. Terbaik.ğŸ‘"
NnqTib39sao,2024==amacam ok puasağŸ˜…ğŸ˜‚
NnqTib39sao,Lagu nie paling best untuk yang moden pnyaâ¤â¤â¤
NnqTib39sao,Sapa tengok 2024
NnqTib39sao,Sy di sini sebab Patrick post ni d fb â¤ rindu raya d kampung ğŸ˜¢
NnqTib39sao,"2024 baru tengok balik ni video lagu ,kenapa tiba2 rasa sedih dgr lagu niğŸ˜¢.im non Muslim but I love this song so much!â¤"
NnqTib39sao,nice song
NnqTib39sao,16.03.2024 hadir hr ni tgk
NnqTib39sao,2024
NnqTib39sao,kira evergreen suda ni
NnqTib39sao,Mantul ni lagu ciptaan si Patrick anohada..ğŸ‘ğŸ‘ğŸ‘
NnqTib39sao,2024 hadir
NnqTib39sao,2024
NnqTib39sao,Lagu raya ni dah boleh dikategorikan sebagai lagu raya yg evergreen
NnqTib39sao,best baca dalam ni... sebab ada kisah masing masing masa zaman kobid 19 ..hahaha sedih dalam gembira ya kita semua..
NnqTib39sao,beria maksa
NnqTib39sao,Sangat detail ye ğŸ˜‚
NnqTib39sao,Nak Raye dohğŸ˜¢
NnqTib39sao,Aku
NnqTib39sao,2024 masih sedap di dengarğŸ‰
NnqTib39sao,2024
NnqTib39sao,"3 tahun duk Malaysia..  Dengar lagu raya karna rindu Malaysia ğŸ˜¢ Vibes raya sangat terasa,,"
NnqTib39sao,"09/03/2024 

Dlm 2 3 hari lagi Puasa 
Raya bulan 4/2024"
NnqTib39sao,My favoriteâ¤
NnqTib39sao,Iâ€™m Muslim from Cambodia ğŸ‡°ğŸ‡­ I Like this Song â¤
NnqTib39sao,"dalam x minat2 lagu ni, sedar2 dah 10 tahun dah"
NnqTib39sao,Mac 2024. Puasa  bakal tiba dlm 6hari lagi. ğŸ¤­Tp dh ambik smngt dgr lagu raya.dlm ni smua msih muda2  remajağŸ¤­suara pun lebih kurg comel2
NnqTib39sao,Cari lagu ini susah betul ğŸ˜­ğŸ˜­ğŸ˜­
NnqTib39sao,ğŸ˜¢
NnqTib39sao,Saya tngok 2024
NnqTib39sao,Mkp
NnqTib39sao,X lama lagi ramadhan menjelang tiba kemudian di susuli hari raya.Semoga kita dipanjangkan umur dan di murahkan rezeki.Amin
NnqTib39sao,"Rindu raya time kecik2 ,janji dengan kawanÂ² nak pergi raya sama2 ğŸ¥°..."
NnqTib39sao,Hurmmm rindunya nak raya
NnqTib39sao,Sedap lagu ni
NnqTib39sao,Sapa yang tngok 2024 ??
NnqTib39sao,2024 still watching
NnqTib39sao,Raya 2024 ..belum puasa pon aku dh semangat denga..best giler lagu ni..lagu catchy tapi vibe raya tu terasa sgt bila denga lagu niğŸ˜†
NnqTib39sao,Dh tk lama lgi nk puasa lepstu raya..tk sbrnye
NnqTib39sao,type je iam neeta rayağŸ˜‚
NnqTib39sao,Tnggl brpa hari jk lgi ğŸ‰ğŸ˜Š
NnqTib39sao,Saya
NnqTib39sao,Saya
NnqTib39sao,Saya
NnqTib39sao,Saya
NnqTib39sao,Saya
NnqTib39sao,"3.3.2024 lg 9hr nk puasa,, â¤"
NnqTib39sao,Berapa Hari lagi puasa wakk
NnqTib39sao,Me sebab nk letak dlm playlist .nk buat Keja sambil dgr nanti waktu bulan puasa ğŸ˜‚.ambik vibes awal
NnqTib39sao,Ofcourse la tgk lagu ni paling byk vibesğŸ˜Šâ¤
NnqTib39sao,saya
NnqTib39sao,Saya
NnqTib39sao,SayeğŸ˜Š
NnqTib39sao,Saya
NnqTib39sao,Me always when ramadhan comes
NnqTib39sao,SayaaaaağŸ˜‚
NnqTib39sao,ğŸ–ï¸
NnqTib39sao,sayaağŸ˜‚
NnqTib39sao,Yang baru tau lagu ni
NnqTib39sao,Saya
NnqTib39sao,âœ‹ğŸ»
NnqTib39sao,Mak kau
NnqTib39sao,Saya
NnqTib39sao,saya ğŸ¤£
NnqTib39sao,ğŸ™‹ğŸ™‹
NnqTib39sao,17.3.2024 hadir
NnqTib39sao,saya
NnqTib39sao,Saya
NnqTib39sao,Win lagu raya ni mcm getik
NnqTib39sao,Tgh tengok
NnqTib39sao,paling minat lagu raya ni
NnqTib39sao,saya boss
NnqTib39sao,Me
NnqTib39sao,Me
NnqTib39sao,Sayaâœ‹ğŸ¿ğŸ˜‚â¤
NnqTib39sao,Saya
NnqTib39sao,ğŸ™‹ğŸ»â€â™€ï¸ğŸ™‹ğŸ»â€â™€ï¸ğŸ™‹ğŸ»â€â™€ï¸
NnqTib39sao,Ye saya
NnqTib39sao,semestinya saya HAHAHAHA!
NnqTib39sao,setiap tahun still dengar lagu ni
NnqTib39sao,Saya
NnqTib39sao,"Saya ,suka lah lagu ni"
NnqTib39sao,â€‹Â @SofeaaaaeÂ hmm
NnqTib39sao,"Me """
NnqTib39sao,Saya tengok lagi harini
NnqTib39sao,SayağŸ˜…
NnqTib39sao,Saya
NnqTib39sao,Saya still best lagi
NnqTib39sao,Sayaâ¤â¤â¤
NnqTib39sao,saya
NnqTib39sao,SayağŸ‘‡ğŸ»
NnqTib39sao,Tgh tengok ni boss
NnqTib39sao,Saya ğŸ˜
NnqTib39sao,Saya
NnqTib39sao,"Sye 
25.3.2024"
NnqTib39sao,ğŸ–ğŸ»
NnqTib39sao,Saye sbb saye x sabar nak raye
NnqTib39sao,Saya
NnqTib39sao,takda siapa
NnqTib39sao,Saya
NnqTib39sao,Saya
NnqTib39sao,Saya
NnqTib39sao,AkuğŸ˜…
NnqTib39sao,Xde Kau sorang jeeğŸ¤£ğŸ¤£
NnqTib39sao,Saya ğŸ¤šğŸ»â¤
NnqTib39sao,Saya!
NnqTib39sao,Mak cik kau
NnqTib39sao,Meeeeeee
NnqTib39sao,ğŸ˜‚ğŸ˜¢ aku
NnqTib39sao,1-4-2024 ğŸ˜‚ğŸ˜‚ğŸ˜‚
NnqTib39sao,Saya
NnqTib39sao,Saya
NnqTib39sao,Saya
NnqTib39sao,SAYA
NnqTib39sao,saya orng ke 501 bang ğŸ—¿ğŸ¤³ğŸ»
NnqTib39sao,meğŸ˜…
NnqTib39sao,Saya
NnqTib39sao,Seminggu lagi nak raye
NnqTib39sao,hadir...dh nak rayağŸ˜‚
NnqTib39sao,ME!!
NnqTib39sao,Syaa
NnqTib39sao,Saya
NnqTib39sao,Emm
NnqTib39sao,Saya
NnqTib39sao,Saya
NnqTib39sao,mana ada sudah org tengok.. dengar2 sadja..
NnqTib39sao,sayaaaaaaaaaaa
NnqTib39sao,sayoo
NnqTib39sao,Saya
NnqTib39sao,Saya
NnqTib39sao,Saya
NnqTib39sao,saya
NnqTib39sao,ğŸ¤šğŸ»
NnqTib39sao,Selamat Hari Raya 2k24 GengğŸ‰
NnqTib39sao,Saya
NnqTib39sao,Aku
NnqTib39sao,â€‹Â @MCArif_601Â ğŸ˜¢à¸–à¸™à¸™â€‹à¸¶6à¸–à¸„
NnqTib39sao,Esok dah raya brunei esoknya ğŸ˜¢ ğŸ˜‚â¤
NnqTib39sao,Saya
NnqTib39sao,Yes ğŸ˜‚
NnqTib39sao,Saya
NnqTib39sao,Saya 2024 esok raya â¤â¤
NnqTib39sao,ğŸ–ï¸
NnqTib39sao,Selamat hari raya Aidilfitri maaf zahir batin guysğŸ‰
NnqTib39sao,Teman hadirr
NnqTib39sao,"Sama boss, pejam celik dah 10 tahun lagi ni"
NnqTib39sao,"à¹€à¸£à¸²à¸”à¹‰à¸§à¸¢à¸„à¹ˆà¸°à¸Ÿà¸±à¸‡à¸­à¸¢à¸¹à¹ˆà¹€à¸¥à¸¢

Thailand"
NnqTib39sao,Hadir!
NnqTib39sao,sya lebih lagu ni drpada alamak rayağŸ˜…ğŸ˜Š
NnqTib39sao,Saya.
NnqTib39sao,ğŸ™‹ğŸ»ğŸ™‹ğŸ»ğŸ™‹ğŸ»
NnqTib39sao,bukan sayaa
NnqTib39sao,Saya
NnqTib39sao,â¤
NnqTib39sao,xde
NnqTib39sao,Saya Harini 6 syawal 2024
NnqTib39sao,Esok sekolah saya akan menyanyikan lagu iniğŸ˜Š
NnqTib39sao,Kwn suruh bukak ğŸ˜Š
NnqTib39sao,Saya
NnqTib39sao,Saya
NnqTib39sao,Saya
NnqTib39sao,Aku
NnqTib39sao,Saya
NnqTib39sao,Tak tanyeer
NnqTib39sao,Saya..lagu ni lebih sedap dari lagu alamak Tue..ğŸ˜Š
NnqTib39sao,Saya
NnqTib39sao,Sya
NnqTib39sao,âœ‹
NnqTib39sao,Saya
NnqTib39sao,"Saya,tapi kan saya ingat lagu ni tahun lepas rupanya 10thn yang lahu"
NnqTib39sao,Saya
NnqTib39sao,Saya
NnqTib39sao,Saya tgk tahun 2024 raya haji ni 17/6/2024
NnqTib39sao,SAYA
NnqTib39sao,Hadir
NnqTib39sao,Saye
NnqTib39sao,SayeğŸ˜¢
NnqTib39sao,SayeğŸ˜¢
NnqTib39sao,I am
NnqTib39sao,"Saya,20.9.2024...hadir..."
NnqTib39sao,Me
NnqTib39sao,Saya
NnqTib39sao,Sayaa
NnqTib39sao,ğŸ™‹ğŸ™‹ğŸ™‹
NnqTib39sao,meee
NnqTib39sao,Hai saya dari 2025 masih tgkğŸ˜œ
NnqTib39sao,2025 ğŸ˜‚
NnqTib39sao,Rumah nenek saya ni
NnqTib39sao,2025 bang selarangğŸ˜‚
NnqTib39sao,Rindu lah raya dulu
NnqTib39sao,"Hari tu tgk YT raya Patrick Anohada baru tau lagu ni dia punya. Awesome Patrick, very catchy!"
NnqTib39sao,4 bulan lagi woi
NnqTib39sao,omgg cantikk iler mimie hariss ğŸ˜­ğŸ˜­ğŸ˜­
NnqTib39sao,Mantap kali ini lagu ......
NnqTib39sao,Saya membeli makanan sekali dengan minuman untuk jamuan hari raya
NnqTib39sao,Tak sabar raya tahun dpnğŸ˜‰
NnqTib39sao,Suara semua serupa ea. Tk dpt beza
NnqTib39sao,boleh jd lagu wajib dengar tiap kali raya ni...
NnqTib39sao,Najawa Latif Mimie Haris  ğŸ’–ğŸ«°ğŸ»ğŸŒ¹
NnqTib39sao,Embackkkâ¤
NnqTib39sao,Assalamualikum dan Salam malam â¤ baru sy chnti butiufull suarah subahanallah sy happy mlm nii â¤
NnqTib39sao,Saya Sangat Suka Lagu Hari Raya Iamneeta
NnqTib39sao,"Dah 10 tahun lagu ni. Salah satu lagu raya Evergreen âœ¨ 

8/8/23 âœ¨"
NnqTib39sao,Rindunyaa suasana hari raya yg dluÂ²ğŸ˜­
NnqTib39sao,Selamat hari raya Aidilfitri dan selamat hari raya Aidiladha 2023 maaf zahir dan batin..
NnqTib39sao,Selamat hari raya Aidil Adha ! 1444H.
NnqTib39sao,Raya aidilfitri dh abis ni lgi sminggu otw nk raya aidiladha plak ğŸ˜‚
NnqTib39sao,lagu ni lah buat lagi semangat nak raya ğŸ¥¹
NnqTib39sao,ğŸ’™ğŸ’™ğŸ’™
NnqTib39sao,Komen tahun lepas klini otw nk raya aidilfitri plakğŸ˜‚
NnqTib39sao,"Walaupun saya berbangsa cina,saya juga berpendapat lagu ini sangat bagusğŸ˜®"
NnqTib39sao,setiap tahun wajib dengar ğŸ˜Œ
NnqTib39sao,Lagu ini best depan iman troye lagu lagu ini best
NnqTib39sao,p
NnqTib39sao,Baru perasan..lagu raya ni bestttt..pandai @patrick anahoda cipta
NnqTib39sao,Masih mood Raya...lagu malar segarâ¤
NnqTib39sao,Dlm bnyk2 lagu raya yg baru.. Lgu raya ni yg kekal kne ngn mood raya..
NnqTib39sao,Saya dari Indonesia paling suka dengar lagu ini.
NnqTib39sao,Sape tahun 2023 masih dengar lagu niğŸ˜‚
NnqTib39sao,Adam
NnqTib39sao,weh aq rse yang lagi best dri skrangğŸ¥¹ dolla je yg aq leh msuk waktu ni yang lain mid je. Mase lagu waktu dlu aq form 3 syok gk lagu lagu zaman 2010-2016
NnqTib39sao,Selamat hari raya Aidilfitri maaf zahir dan batin Neeta.
NnqTib39sao,Nang best..
NnqTib39sao,JkwuwiuuiiioiiiğŸ˜…iğŸ˜…ğŸ˜…ğŸ˜…oğŸ˜…iğŸ˜ŠiğŸ˜…ğŸ˜…iğŸ˜ŠğŸ˜ŠğŸ˜ŠoğŸ˜ŠoğŸ˜…oiğŸ˜…okkiiosooooiiiğŸ˜…ğŸ˜…ğŸ˜Š
NnqTib39sao,Lagu ni saya masih dangar...2023 selamat hari raya Aidilfitri maaf zahir batin......
NnqTib39sao,Siapa yg tengok video ni walaupun dah 2023 ye saye lahğŸ¤£ğŸ¤£ğŸ¤£ğŸ¤£
NnqTib39sao,Antara lagu raya moden yg sedap jugak didengarâ€¦xsama mcm lagu2 skrgâ€¦
NnqTib39sao,Wow 2023 raya Aid..masih Sedap d dengar wlpn dh 9 tahunâ¤ï¸â¤ï¸â¤ï¸â¤ï¸â¤ï¸
NnqTib39sao,Lagunya sgt baik...lirik tiada  rasa sedih...ini lah  perasaan yg patut kita alami semasa menyambut hari kemenangan
NnqTib39sao,Raya 2023 ğŸ‰
NnqTib39sao,Dengar yang speed up sumpah sedih gilağŸ˜¢ğŸ˜¢ğŸ˜¢
NnqTib39sao,Lagu ni best .
NnqTib39sao,rindunya vibes raya zaman ni ğŸ˜­
NnqTib39sao,P2SD ğŸ‰ğŸ‰ğŸ‰ğŸ‰
NnqTib39sao,Raya 2023
NnqTib39sao,Punya lama..baru dapat cecah 15juta..â¤ğŸ‰
NnqTib39sao,Lagu raya paling sedap didengar..walaupun usia lagu ni dah dekat 10 tahun..
NnqTib39sao,Haram
NnqTib39sao,Lagu ni best nak dengar ciptaan patrik anohada
NnqTib39sao,Lagu raya zaman skrg terbaikğŸ‘
NnqTib39sao,Mntap bh kalau org sbh yg tulis lirik
NnqTib39sao,"Lagu melekat d kepala setiap hari raya, tahniah Patrick anohada ciptakan lagu yg best.."
NnqTib39sao,Baru tau hri ni komposer lagu ni Patrick Anahoda...non muslim...sy pun suka lagu ni dr dlu wlaupun sy bukan muslimğŸ‘
NnqTib39sao,I.m muslim in cambodia i like songâ¤â¤
NnqTib39sao,Sedihnya tinggal Ramadan ğŸ˜¢ğŸ˜¢ğŸ˜¢ğŸ˜¢
NnqTib39sao,"Composer lagu nie org Sabah, non muslim"
NnqTib39sao,dri dulu lagu ne mmg melekat d kpala klu rayaâ¤
NnqTib39sao,2023 masih layanğŸ™‹
NnqTib39sao,izzati . miss u hehe
NnqTib39sao,dari 2015 ğŸ˜‚ğŸ˜Š
NnqTib39sao,Mende ko ni
NnqTib39sao,"Tu guitarist iamneeta,kan"
NnqTib39sao,Rumah mcm kenal jerrğŸ¤­
NnqTib39sao,00:18
NnqTib39sao,Antara lagu raya modern yg sedap ğŸ¥° selamat hari raya semua
NnqTib39sao,Dh blh jdi lgu raya evergreen
NnqTib39sao,"Best lagu ni arini 22/4/2023 raye pertama.. sapa yg dngr bnyk kali kumpol sini... Sies ckp lagu ni akan jadi lagu raya lejen akan datang masih kekalkan muzik lagu raya yg bleh diterima
Terbaik komposer lagu nie"
NnqTib39sao,hahahahah imneeta ni crush dlu lain betul drp skrg lagi cantik ğŸ¤­
NnqTib39sao,selamat hari raya semua â¤ï¸ğŸ¥º
NnqTib39sao,Esok raya 2023.... berlalu sudah ramadhan 2023ğŸ˜Š
NnqTib39sao,"Hari raya aidil fitri tahun 1444H / 2023 M
Yang nontong beri like ğŸ‘"
NnqTib39sao,"21\04/2023 
09:06 jom like"
NnqTib39sao,Selamat hari raya
NnqTib39sao,Esok rayaaaaağŸ‰
NnqTib39sao,2023 hadirrr lagu ni dgn lavida raya buat aku semangat nak raya ğŸ˜‚ğŸ˜‚
NnqTib39sao,21/4/2023 Masih dengar lagu raya ni. Belum ada lg lagu raya modern yg best setakat ni.
NnqTib39sao,Hi ğŸ‰
NnqTib39sao,raya 2023
NnqTib39sao,Sapa tngok lagu ni sma la kitağŸ¤£ğŸ¤£jmput2 ke rumah ya gaiss
NnqTib39sao,Aq kenal Najwa Latif ja....yg lain pernah tgk....tp xtau nama....ğŸ˜†
NnqTib39sao,Dan sepupu aku punya berapa banyak       REKAL
NnqTib39sao,2023
NnqTib39sao,"Aku kenal SI Patrick, guitarist iamneete yg Baju merah, dia yg compose lagu ni. Dia non Muslim ğŸ˜‚"
NnqTib39sao,Yey !! Hari ini hari Khamis .malam nak tengok anak bulan
NnqTib39sao,Raya 2023ğŸ‰ğŸ‰ğŸ‰ğŸ‰ğŸ‰ğŸ‰
NnqTib39sao,Lagu ni paling best
NnqTib39sao,"Malaysia banyak artis yang bagus dan pandai cipta lagu harap boleh berkembang pi luar negara

Selamat hari rayağŸ‰ğŸ‰ğŸ‰ğŸ‰"
NnqTib39sao,4 hari lagi raya yeayâ¤â¤â¤
NnqTib39sao,Tahun 2023. Lagi 3 hari nak raya tetap jugak lagu ni favorite selalu pasang kalau hari raya. â¤
NnqTib39sao,Cantikk cantikğŸ¥°ğŸ¥°
NnqTib39sao,Suka nye lagu raya ni wlaupun sy non muslimğŸ˜Š selamat hari raya 2023 smua kawan2 Islam!!! ğŸ‰â¤ï¸
NnqTib39sao,Itâ€™s 2023. Selamat hari raya!!!!!!!
NnqTib39sao,Best lagu ni
NnqTib39sao,Selamat hari raya 2023ğŸ¤!.
NnqTib39sao,2023 masih best lagu ni
NnqTib39sao,"Komen lg, lg 2/3 ari nk raya ni, lagu raya moden yg plg best ada feel nk raya walau dh lebih dr 7/8 thn lagu ni."
NnqTib39sao,2023 muncul  ğŸ¤
NnqTib39sao,Lagu ni masa saya form5 ğŸ˜‚ 2023 kembali still beat semua lagi iman toya dan lagu raya baru sekarang.
NnqTib39sao,2023 hadir âœ…
NnqTib39sao,Berkenan kat si hitam manis tu
NnqTib39sao,Lilac team kumpul sini 2023 raya kasi kebabommğŸŒ âš¡
NnqTib39sao,Dah tuaa rupanya akuuğŸŒ
NnqTib39sao,2023 raya
NnqTib39sao,Alc.piipğŸ˜šğŸ˜šğŸ˜šğŸ˜šğŸ˜šğŸ˜šğŸ˜šğŸ˜šğŸ˜šğŸ˜¬ğŸ˜šğŸ˜šğŸ˜¬ğŸ˜¬
NnqTib39sao,cair btl
NnqTib39sao,Aq sorang jeke lama ni ingt Aina Tasneem yg nyanyi lagu ni?ğŸ˜©
NnqTib39sao,best do lagu ni
NnqTib39sao,2023à¸¢à¸±à¸‡à¸Ÿà¸±à¸‡à¸­à¸¢à¸¹à¹ˆ
NnqTib39sao,Pbdubdubud
NnqTib39sao,1:23
NnqTib39sao,Muzik dia best. Eargasm
NnqTib39sao,9thn lagu ni..dan sampai skrg sy suka lagu ni.tiap kli nk raya sy msti dgr lagu ni walaupun sy non muslim..sy suka sgt suasana raya...
NnqTib39sao,2023âœŒğŸ»ğŸŒ™
NnqTib39sao,"Lagu raya best zmn 2012 

Zmn 2020++ Dolla"
NnqTib39sao,Masihh disini ?? ğŸ™‹ğŸ™‹
NnqTib39sao,Sya suka sangat tengok lagu ini
NnqTib39sao,kalau buat karaoke sambutan raya kat sekolah.....mmg meletop lagu ni.....ramai2 nyanyi meremang oii
NnqTib39sao,Mna la diaorg semua ni Ye..
NnqTib39sao,9 tahun lalu aku pernah komen...lagu raya moden yg aku boleh terima!! dan smpai skrang masih lagu raya moden ini saja sedap didengar..
NnqTib39sao,Pnudnbud
NnqTib39sao,2023 heree
NnqTib39sao,WALAU PUN LAGU RAYA INI SADAH SEMBILAN TAHUN SAYA TETAP MENDENGAR NYA ğŸ‰ğŸ˜Š
NnqTib39sao,TIDAK LAMA LAGI MAU RAYA ğŸ‰ TIDAK SABAR SUDA ğŸ˜Šâ¤ OUH YA DAN SELAMAT BERPUASA YA ğŸ‰ SALAM DARI SABAH ğŸ˜Š
NnqTib39sao,2023ğŸ‰ğŸ‰
NnqTib39sao,Bgi ku ni jer lagu yg lepas tuk msuk list lagu raya ğŸ¤£
NnqTib39sao,Rindu vibe zaman ni
NnqTib39sao,9 years . aih time flies fast ğŸ˜
NnqTib39sao,i'm muslim from Zimbabwe â¤
NnqTib39sao,Srs lagu lama lgi best dri lgu bruğŸ˜…ğŸ˜…
NnqTib39sao,Layan lagu nie 8 April 2023ğŸ˜‚ğŸ˜‚..17 Ramadhan ğŸ˜..layan lagu raya sambil buat biskutğŸ˜‚ğŸ¤£..
NnqTib39sao,"Bess lah lagu raya yang Nii Bess sangat"""
NnqTib39sao,lagu raya moden yang sentiasa aku dengar tiap tahun
NnqTib39sao,Raya 2023 lagi 2 minggu. Aku dah repeat dgr lagu ni 10x. One of the best modern lagu raya ever
NnqTib39sao,Kalau dengar ni lagu terus terasa  vibes raya tahun 2019 2018
NnqTib39sao,the best ever songg rayaa â¤ï¸ğŸ˜
NnqTib39sao,selamathari
NnqTib39sao,puesa
NnqTib39sao,geng tak sabar nak raya kumpul sini ! hahah
NnqTib39sao,Kpbhdbkpbdg
NnqTib39sao,"Nak raya, dengar lagu2 raya laaa ğŸ˜ŠğŸ˜ŠğŸ˜Š"
NnqTib39sao,Lagu raya ni bgi aku walaupun dah berusia 10 telah pun dilabel sebagai lagu raya evergreen dan wajib ada pada koleksi lagu raya kat hp aku
NnqTib39sao,Tiap2 tahun akan dengar lagu ni masa ramadhan hingga raya.. Lagi yg akan sentiasa fresh.. Siapa masih layan lagu ni raya 2023 Sila like
NnqTib39sao,kat jenjarom ni
NnqTib39sao,lagu fav
NnqTib39sao,aku dngar best ja.. kau dh tua baik diam
NnqTib39sao,â€‹Â @owbyz6095Â wehhhhh... bukan aq komen niğŸ˜‚ğŸ˜‚ğŸ˜‚.. aq pun baru perasan komen ni hahahahahahaha
NnqTib39sao,â€‹Â @owbyz6095Â member aq punye keje harey tul hahahahahaha
NnqTib39sao,Â @ZYIEMNUHIMÂ  dh kau nak lapok xleh patah balik mcm 60an 80an dh.. skrang zman hits moden..
NnqTib39sao,Â @owbyz6095Â  hahahahahahaha
NnqTib39sao,March 2023 hadirr!!!
NnqTib39sao,Assessments
NnqTib39sao,Hahah..boekk..lagi best dari lagu iman troye
NnqTib39sao,2023 msih rindu dgn lagu ni ğŸ˜­
NnqTib39sao,Lagu raya paling fav ğŸ¥°
NnqTib39sao,lagu paling paberet rayağŸ˜‚-salam puasa 2023ğŸ˜œğŸ«°ğŸ»
NnqTib39sao,tahun 2023 puasa ke3 tiber psng lagu ini hahaha
NnqTib39sao,2023 masih aku lagi layan lagu nih.ğŸ¥°ğŸ¥°ğŸ¥°
NnqTib39sao,Raya 2023 spe masuk dgr lagu sini cer comment sikit
NnqTib39sao,Suara najwa dengan deanna memang sedapâ¤â¤â¤
NnqTib39sao,Sape masih dengar lagu ni like ya semua in 2023â¤ğŸ‰
NnqTib39sao,1 Ramadan tengok niii ahahahaha
NnqTib39sao,Lawa tau mimie haris niâ¤ğŸ˜‚
NnqTib39sao,4 hari lagi nak puasa 2023
NnqTib39sao,2023?
NnqTib39sao,"The think is, Neeta and Patrick are the only non Muslim here. Love ğŸ’œğŸ’œ"
NnqTib39sao,Haii semua! Skrg dah 2023! Rindu sanagt lagu ni>< ğŸ’–ğŸ¥°
NnqTib39sao,Sapa yang tak balik tahun ni ğŸ¥²
NnqTib39sao,Raya 2023 manaaaaa!!! Tak sabarnya !! Semoga kita diberikan peluang beraya dengan orang yang kita sayang!!
NnqTib39sao,"sebelum post tutup aurat dulu tauu :> , walaupun orang tu tak tutup aurat ^^"
NnqTib39sao,Selamat menyambut raya
NnqTib39sao,an masih donga lagi.
NnqTib39sao,yeahh ğŸ¤ŸğŸ»ğŸ¤ŸğŸ»
NnqTib39sao,â€‹Â @zahirshamÂ  Hzufng
NnqTib39sao,Hsgkgsc n kg c
NnqTib39sao,Hey guys
NnqTib39sao,Pymmkdmcuqpmnk
NnqTib39sao,PğŸ˜…ğŸ˜…ğŸ˜…ğŸ˜…ğŸ˜ŠğŸ˜ŠğŸ˜ŠğŸ˜Š
NnqTib39sao,Yeahhh geng ğŸ˜‚ğŸ˜‚ tema pink hitam tahun ni ğŸ˜‚ğŸ˜‚
NnqTib39sao,X lama dah nk puasa kejap ja masa berlalu apakah kita dpt jumpa raya di tahun depan? AllahuakbarğŸ˜­
NnqTib39sao,bagi aku lagi ni paling syokk mangat nak rayaağŸ¥¹
NnqTib39sao,Hadir 2023ğŸ˜€
NnqTib39sao,Tak sabarnyaaa bulan depan dah nak puasağŸ¤Ÿ2023
NnqTib39sao,Tak lama da gang nk puasa and raya 2023
NnqTib39sao,Nostalgia gila lagu ni suka dengar bila dah nak raya kekadang bosan dengar juga lagu ni memang memori indah rasa macam darjah 2 balik (first time puasa penuh)
NnqTib39sao,Sumpa ni fav aku tadi tercari2 lagu finally jumpa !!
NnqTib39sao,Hi 2023
NnqTib39sao,SELAMAT HARI RAYA WALAUPUN LAMBAT LAGII
NnqTib39sao,Best lagu raya
NnqTib39sao,mat ri raya
NnqTib39sao,Mimi Haris time ni cun giler ğŸ˜»
NnqTib39sao,Lah sudah 9tahun njir
NnqTib39sao,Crush kita dah tawin  sis wawaa
NnqTib39sao,22/11/22
NnqTib39sao,Vy
NnqTib39sao,Biarpun limpas sdh hri raya tpi lagu ni tetap best
NnqTib39sao,Aku tabo le raya the nag reluwara saya ğŸ˜¢ğŸ˜¢
NnqTib39sao,26.8.22 masing layan
NnqTib39sao,Siyes la dah 9 tahun lagu ni
NnqTib39sao,Alhamdulillah masih diberi kesihatan sampai hari ini 04/03/2025 terima kasih Allah â¤ï¸
NnqTib39sao,"Tua dh semua hahaha, sekejap nya masa berlaluğŸ˜”"
NnqTib39sao,Hmm insyaallah tahun depan ğŸ¥º
NnqTib39sao,2022
NnqTib39sao,"13M++++!!!   2022ğŸ‘‡
                                   ğŸ‘‡"
NnqTib39sao,âœ…
NnqTib39sao,ğŸ¸ğŸ·ğŸ¤ğŸ£ğŸ¥ğŸ¬ğŸŸğŸ¦ğŸ¦ğŸŒğŸŒâ›„â„ğŸ„
NnqTib39sao,0:29 sad boy
NnqTib39sao,Siapa dengar lagu ni tahun 2022 ğŸ‘
NnqTib39sao,Minta izin untuk gunakan background
NnqTib39sao,Mv ni kt rumah nenek sedara aq weiğŸ˜­ğŸ˜­
NnqTib39sao,Fall in love with this song...â¤â¤â¤
NnqTib39sao,Ooo lagu ni dah lama rope ye...
NnqTib39sao,all 4 suara mcm seakan2
NnqTib39sao,Tak masuk langsung feeling raya aku. Ni ntah sapa artis ke x knl aku
NnqTib39sao,0:18 Mula lagi hari raya....
NnqTib39sao,Sedap lak lagu ni..
NnqTib39sao,yang paling saya lagu ni
NnqTib39sao,à¸Ÿà¸±à¸‡à¹à¸¥à¹‰à¸§à¸¡à¸µà¸„à¸§à¸²à¸¡à¸ªà¸¸à¸‚à¸¡à¸²à¸ ğŸ’™ğŸ’šğŸ’›ğŸ’œ
NnqTib39sao,Alhamdullilah setelah 2 tahun xdpt beraya..lagu nie turut memeriahkan raya 2022...buat penghibur di kala jem terukss di lebuhraya dan raya terkejut..kenangan beb..
NnqTib39sao,"Simpan sini lirik utk anak berlatih buat persembahan...hihi

Hari raya genap sudah sebulan berpuasa
Hari raya mari ramai-ramai kita gembira
Di hari raya kita saling bermaaf-maafan
Hari raya mari ramai-ramai jemput ke rumah

Sesudah sebulan kita berpuasa menahan lapar dan juga dahaga
Erti puasa memberikan kita nikmat sebenar hari Aidilfitri

Hari raya genap sudah sebulan berpuasa
Hari raya mari ramai-ramai kita gembira
Di hari raya kita saling bermaaf-maafan
Hari raya mari ramai-ramai jemput ke rumah

Mari balik kampung jumpa ayah ibunda
Mari balik kampung kita raikannya

Hari raya genap sudah sebulan berpuasa
Hari raya mari ramai-ramai kita gembira
Di hari raya kita saling bermaaf-maafan
Hari raya mari ramai-ramai jemput ke rumah

Ho"
NnqTib39sao,0:20
NnqTib39sao,Yg mana x kenal tuh?
NnqTib39sao,Borok bende mu
NnqTib39sao,2:12
NnqTib39sao,Better this one than DSV n Alif Syukri punya lagu sampah tahun ni...
NnqTib39sao,Malay have a beutifull raya song on the world.
NnqTib39sao,"2000an ada lagu Aidilfitri Di Alaf Baru, 2010an ada lagu Hari Raya. I will miss these two decades from now on."
NnqTib39sao,Rupanya zaman najwa latiff dh 13thun lps tua nya aku ğŸ˜­ğŸ˜­
NnqTib39sao,"sebak dada ak dengar lagu ni ak ingat lagi tahun 2013 ni time tu ak tengah beria main bunga api tolong pakcik makcik mak ayah ak buat ape yg patut . masuk hutan cari buluh nak buat lemang sumpah sedih tahun ni dh meriah mcm dulu tp ak tkbole nak buatpe hanya mampu merayakan dn bersyukur sebab masih dapat menikmat hari raya walaupun tk meriah mcm dulu tp ak tetap bersyukur , selamat hari raya aidilfitri maaf zahir dan batin kepada semua umat islam tdk kira bangsa dn tkkira dimana anda semua saya doakan anda dpt pulang ke kg dngan selamat dn merayakan hari yg mulia ini bersama org tercinta ğŸ¤—"
NnqTib39sao,Ay i use this for my raya dance
NnqTib39sao,Selamat hri raya semua
NnqTib39sao,2022
NnqTib39sao,Memang bestlah ğŸ’ªğŸ’ªğŸ’ªğŸ’ªğŸ’ªğŸ’ªğŸ’ªğŸ‡²ğŸ‡¾ğŸ‡²ğŸ‡¾ğŸ‘ğŸ‘ğŸ‘ğŸ‘ğŸ‘ğŸ‘ğŸ‘
NnqTib39sao,Dengar kt radio..cari kt sini la nk tengok mv ..hihi..type lagu raya najwa
NnqTib39sao,ğŸ•‹ğŸ•‹ğŸ•‹ğŸ•‹ğŸ•‹ğŸ•‹ğŸ•‹ğŸ•‹ğŸ•‹ğŸ¤²ğŸ¤²ğŸ¤²ğŸ¤²ğŸ¤²ğŸ¤²ğŸ¤²ğŸ¤²ğŸ¤²ğŸ’ğŸ’ğŸ’ğŸ’ğŸ’ğŸ’ğŸ’ğŸ’ğŸ’ğŸ‡¦ğŸ‡ªğŸ‡¦ğŸ‡ªğŸ‡¦ğŸ‡ªğŸ‡¦ğŸ‡ªğŸ‡¦ğŸ‡ªğŸ‡¦ğŸ‡ªğŸ‡¦ğŸ‡ªğŸ‡¦ğŸ‡ªğŸ‡¦ğŸ‡ªğŸ˜¸ğŸ˜ºğŸ˜»
NnqTib39sao,Semua dlm lagu ni dah bkeluarga ke?
NnqTib39sao,Suka lagu ni.. First I Ingat suara  eraa fazirağŸ˜‚
NnqTib39sao,2022 masih tgkğŸ‘
NnqTib39sao,im non muslim but lagu ni best la <3
NnqTib39sao,Hello saya dari tahun 2022.lagu raya dato alif syukri pondan
NnqTib39sao,Selamat Hari Raya 2022â¤ï¸
NnqTib39sao,"Hari raya genap sudah sebulan berpuasa
Hari raya mari ramai-ramai kita gembira
Di hari raya kita saling bermaaf-maafan
Hari raya mari ramai-ramai jemput ke rumah

Sesudah sebulan kita berpuasa menahan lapar dan juga dahaga
Erti puasa memberikan kita nikmat sebenar hari Aidilfitri

Hari raya genap sudah sebulan berpuasa
Hari raya mari ramai-ramai kita gembira
Di hari raya kita saling bermaaf-maafan
Hari raya mari ramai-ramai jemput ke rumah

Mari balik kampung jumpa ayah ibunda
Mari balik kampung kita raih lebaran

Hari raya genap sudah sebulan berpuasa
Hari raya mari ramai-ramai kita gembira
Di hari raya kita saling bermaaf-maafan
Hari raya mari ramai-ramai jemput ke rumah

Ho"
NnqTib39sao,Aku baru tau lagu siapa
NnqTib39sao,Singgah sini japp lepas dengar lagu Alep Sukri
NnqTib39sao,@()()()()()()@#######
NnqTib39sao,Yes me too ingat erra.ğŸ˜…
NnqTib39sao,Slmat hri raya awk
NnqTib39sao,Â @LeqirELMajnunÂ  ğŸ˜‡ğŸ˜‡ğŸ˜‡
NnqTib39sao,Cuci telinga ngan mata
NnqTib39sao,2022
NnqTib39sao,Eid mubarak
NnqTib39sao,"Waktu paling best..xde lg org2 kaya yg asyik cetus kontroversi,xde lg org2 kaya yg buat lagu..rasa nak kembali je ke zaman ni"
NnqTib39sao,"Lagu raya ni kekal.berzaman sedap ..tak bosam dengar.
Keaslian lagu Raya terjaga... TERBAIK ğŸ’¯ğŸ‘ğŸ’¯ğŸ‘ğŸ’¯ğŸ‘ğŸŒŸ"
NnqTib39sao,"SEKARANG, tiba tiba raya ğŸ¤£ (2022)"
NnqTib39sao,Salamat hari raya puasa 2022!
NnqTib39sao,"Lagu hari raya Malaysia emang Best, salam dari indonesia"
NnqTib39sao,selamat hari raya geng ğŸ¥°
NnqTib39sao,Selamat Hari Raya 1443H Maaf Zahir Batin semua
NnqTib39sao,raya 2022 herw
NnqTib39sao,sapa sini dgr time raya 2mei
NnqTib39sao,Selamat hari raya
NnqTib39sao,huhu excited nya tahun ni dapat sembahyang sma ii
NnqTib39sao,2022
NnqTib39sao,Eid Mubarak to all Muslim 2022
NnqTib39sao,Terbaik..wlupun penulis lagu  non muslim tp lagu raya sgt menyentuh hati...
NnqTib39sao,Tiba2 raya - 2022 -
NnqTib39sao,Allahuu ..sedihnya raya tahun ni tk complete dgn kluargağŸ˜­
NnqTib39sao,yeahh harini rayağŸ˜ğŸ˜
NnqTib39sao,Hari ni raya ğŸ¥³ğŸ¥³ğŸ¥³ğŸ¥³ğŸ¤¯ğŸ¤¯ğŸ¤¯
NnqTib39sao,Raya dh abisğŸ˜­
NnqTib39sao,2022 still dengar lagu nieğŸ˜
NnqTib39sao,Back here 2022 Selamat hari raya guys
NnqTib39sao,2022 Hadir ..lepas terkejut isnin raya tetiba
NnqTib39sao,Selamat hari raya
NnqTib39sao,"selamat hari raya kepada semua umat Islam !!
Salam dari 1 Mei 2022 walaupun semua kelam kabut !"
NnqTib39sao,"Lagu legend,
Tak sangka penulis diaa Patrick Anohada ğŸ¥°â¤ï¸ğŸ™"
NnqTib39sao,Tahun ni raya awalğŸ˜‚
NnqTib39sao,Hri ni raya wey dan sekarang dh lama dh x dengar lagu ni!
NnqTib39sao,Happy Hari Raya again you guy ğŸ˜»â™¥ï¸
NnqTib39sao,kalut raya!!
NnqTib39sao,2022 saya masih tengokğŸ˜†
NnqTib39sao,esok rayağŸ‰
NnqTib39sao,Dah raya esok
NnqTib39sao,Lagu lama is the best choice..dri yg baru.nth apa2.ğŸ¤£
NnqTib39sao,Dah 8 tahun dah lagu ni
NnqTib39sao,Gg
NnqTib39sao,Taun 2022.. raya yg paling happy sekali semua adik brdik dpat balik 10 org adik brdik nk runtuh rumah di buatnyağŸ˜…
NnqTib39sao,2 hari lagi nak raya!!
NnqTib39sao,selamat hari raya 2022
NnqTib39sao,Siapa Dengar Lagu ni Tahun 2022 Kita Geng ğŸ˜‚
NnqTib39sao,saya dengar lagu ni pada tahun 2022
NnqTib39sao,Best lagu raya niğŸ˜ğŸ˜
NnqTib39sao,Ada feel and vibes kemeriahan raya
NnqTib39sao,AKHIR NYA JUMPA JUGA LAGU INJ (â•¥ï¹â•¥)
NnqTib39sao,alhamdulillah tahun ini dapat juga kita merasakan ğŸ˜­ğŸ˜Œ
NnqTib39sao,Selamat hari raya semuağŸ¤—
NnqTib39sao,"Esok last puase wehhğŸ˜­,tak sabarnya nak rayaaa"
NnqTib39sao,ğŸ‘
NnqTib39sao,selamat hari raya semua pada tahun 2022 harap murah rezeki dan semoga raya tahun semua lebih bermakna amin
NnqTib39sao,selamat hari raya semua bermaaf maafan
NnqTib39sao,I like this song walaupun saya bukan muslim ..salam toleransiğŸ™ğŸ¥°selamat hari raya rakan muslim saya ..i love this song
NnqTib39sao,Lagu ini adalah lagu raya moden yang paling best di antara lagu raya moden yang lain <3
NnqTib39sao,Best gila lagu ni
NnqTib39sao,"Dalam banyak2 lagu raya,  yang ini juga best ğŸ¥¹"
NnqTib39sao,Still layan di 2022.. Up âœŒï¸ğŸ‘ğŸ‘
NnqTib39sao,Ohh yeahh raya kita raya best2ğŸ’™â¤
NnqTib39sao,Masih dengar lagi lagu raya ni 2022. Sangat rinduğŸ¥°
NnqTib39sao,12 million views!!
NnqTib39sao,Raya
NnqTib39sao,Hari
NnqTib39sao,lagi 5 tahun saya datang balik
NnqTib39sao,2 hri lg puasa
NnqTib39sao,Â @mrxxavier9081Â  10 Hari lagi
NnqTib39sao,Eh tiba tiba raya HAHAHAHAHA
NnqTib39sao,Tq
NnqTib39sao,thanks for the speech ğŸ’—
NnqTib39sao,Agree
NnqTib39sao,Atau lebih tepat dlm bykÂ² lagu raya modern 2010an ke atas
NnqTib39sao,Selamat
NnqTib39sao,2022/04/28. Harap tahun ni dapat beraya dengan vibe raya sebenar  .tinggal berapa hari je lagi. Hm ğŸ¥º
NnqTib39sao,2022mmg top lagu ni
NnqTib39sao,Because very much (Ray Year 2022)
NnqTib39sao,Selamat hari raya semua. This song still become my favourite after 8 years released â¤ï¸
NnqTib39sao,Jom balik raya 1 May 2022 ni..x sabar nak berkumpul dgn semua orang ahli family...
NnqTib39sao,Tak tau kenapa lagu ni jarang keluar radio
NnqTib39sao,8thun lalu. skrg dh tua laa mrka hahah
NnqTib39sao,iâ€™m from bngladesh ğŸ‡§ğŸ‡©
NnqTib39sao,I love the fariy light
NnqTib39sao,RAYA 2022
NnqTib39sao,Best lagu raya niğŸ¤©ğŸ¤©ğŸ¤©
NnqTib39sao,Saya nampak c patrick youtuber sabahan tuuna
NnqTib39sao,"Alhamdulillah, tahun ni baru boleh beraya dengan gembira"
NnqTib39sao,Selamat hari raya 2022âœ¨
NnqTib39sao,2022!!!!!
NnqTib39sao,Hari raya kita sama sama bergembira ohhh yeahh
NnqTib39sao,my fav lagu raya all the time.. ever gets olddd
NnqTib39sao,Seronoknya lagu ni. Menggamit kenangan semasa kecil. ğŸ¥°ğŸ¥°
NnqTib39sao,Hi ğŸ‘‹ I raya Puputan lagu raya
NnqTib39sao,Msa raya 2014-2015 lagu ni kerap dimainkan
NnqTib39sao,Dulu lagu raya moden ni paling kerap sekali keluar di radio
NnqTib39sao,Tulah
NnqTib39sao,dia asalnya gitaris band iamneeta
NnqTib39sao,Â @mofb8331Â  iyaa
NnqTib39sao,Kelia
NnqTib39sao,Raya nak dekat mad
NnqTib39sao,HARI RAYA SERPONG IAUG
NnqTib39sao,"gw baru tengok nih lagu, ternyata lagu Malaysia gw kira dari Indonesia, asik juga wkwk"
NnqTib39sao,Wehhh tak lama raya wehhh
NnqTib39sao,Patrick is the best.. lagu2 dia best2 semua.. still dgr lagu ni di tahun 2022
NnqTib39sao,Selamat hari ta 2022 ğŸ˜ğŸ‘³ğŸ¼â€â™€ï¸ğŸ¤²ğŸ»ğŸ“–
NnqTib39sao,2022 ğŸ˜˜ advance happy hariraya from Philipines
NnqTib39sao,Siapa dengar lagu ni tahun 2022? Lagi seminggu nak raya.. kasi LIKE sikit ğŸ˜†
NnqTib39sao,Sapa dengar lagu ni tahun 2022 sebab kalini raya dh bole bebas RAYA SAKAN KITAA ğŸ¤£ğŸ˜€ğŸ˜
NnqTib39sao,last week ramadan guys ğŸ¤­
NnqTib39sao,Best laa lagu niğŸ˜­â¤ï¸
NnqTib39sao,2022 pun masih layan lagi niğŸ˜‚ nostalgia beb
NnqTib39sao,lagu ni mmg best.. rasa feeling happy raya
NnqTib39sao,Antra BBNU era 2010an yg berbakat..
NnqTib39sao,Kalau lah ada pellek Malaysia nk minta dia cover lagu ni versi rock mesti sedap
NnqTib39sao,Wow. ğŸ˜˜â¤ï¸ğŸ˜˜â¤ï¸ğŸ¤¦ğŸ»ğŸ˜—
NnqTib39sao,lagu baru yg best. teringat dgn anak bungsu hari2 nyanyi lagu ni utk persembahan sekolah tadika nya. skrg dia dah tingkatan 1. syg Qain
NnqTib39sao,Lagu raya bru pling best takat ni...takat ni xde best lagi..iman troy ok la..tp ni best lagi...yg bru2 lain x best
NnqTib39sao,Tem 12 jam suda aku tengok ni lagu dulu la tapi sekarang 2022 ğŸ˜¢ğŸ˜¢ğŸ˜­ğŸ˜­
NnqTib39sao,Nda lama lagi raya nda sabar nya salam dari 2022
NnqTib39sao,2022 â¤ï¸
NnqTib39sao,"gw baru tengok nih lagu, ternyata lagu Malaysia gw kira dari Indonesia, asik juga wkwk"
NnqTib39sao,alo
NnqTib39sao,2022.. selamat hari raya guysssss
NnqTib39sao,"Selain lagu2 lama, ini adalah satu2nya lagu raya baru yg boleh saya terima sampai skrg 2022!! Best sgt"
NnqTib39sao,"2022 msih lyn lagu ni. Rndu lagu2 raya dlu.. Melodi,lirik semua masuk ngam.. Hanya lagu pengubat rndu tanah airku malaysia."
NnqTib39sao,Terngiang2 lagu ni kat kepala.. Bila cari rupenye lagu nyanyian ramai ea? Rase macam lagu solo.. Ngeee..
NnqTib39sao,ğŸ¤­ğŸ¤²
NnqTib39sao,Dan bentar lagi lebaran 2022â™¥
NnqTib39sao,I really love this song.. salam dari Selangor
NnqTib39sao,"Salam serumpun melayu.
Salam dari Indonesia.

22/04/2022"
NnqTib39sao,sedar x sedar dah tak lama lagi Ramadhan akan tinggalkan kita untuk tahun 2022
NnqTib39sao,berapa tahun dah setiap nak raya mesti pasang lagu ni best sesangat ğŸ¥². teringat zaman zaman kecil dulu
NnqTib39sao,2022/21.4./11.33
NnqTib39sao,Siap tahun Raya mesti play lagu Raya ni tk jemu dengar .
NnqTib39sao,â¤â¤â¤â¤
NnqTib39sao,2022 here lagi beberapa minggu lagi nak raya yeayy
NnqTib39sao,SEMOGA TAHUN NIII KITA SEMUA BERAYA DENGAN ORG TERSAYANG
NnqTib39sao,"Bnyk bnyk lgu raya zaman sekarang,, lagu lama jugak layan ğŸ˜ŠğŸ˜Š lagu dulu Aura dia lainn ğŸ˜¢bila. Dengar.  Penuh rasa suasana Hari Raya hmm â¤â¤â¤2022,"
NnqTib39sao,2022 hadirrrr
NnqTib39sao,Raya 2022
NnqTib39sao,2022 masih ada kah ni
NnqTib39sao,20/4/22 âœ¨
NnqTib39sao,Betul.. Betul.. Betul.. selamat hari raya.. ğŸ™
NnqTib39sao,"Best lagu nie, sweet & simple."
NnqTib39sao,Like skit yg dngr ditahun 2022 haha
NnqTib39sao,2022 lagu ni masih diingati
NnqTib39sao,Tk sangka dh nk raya macam cepat je mase berlalu dulu kecik ii suke dengar lagu niğŸ˜‚ğŸ˜‚ğŸ˜‚
NnqTib39sao,Siapa tinggu lgu nie di tahun 2022 kita smağŸ˜‚
NnqTib39sao,Siapa 2022 masih dengar lagu ni? Cepat muncul.. mood raya dah maii oii..
NnqTib39sao,I like this raya song so much...very catchy
NnqTib39sao,2022 ğŸ™‹ Alhamdulillah.. tahun ni kita dapat berkumpul dengan keluarga setelah 2 tahun kita tak dapat berkumpul ğŸ˜ğŸ˜ğŸ˜
NnqTib39sao,In sya Allah raya tahun ini akan meriah macam tahun tahun Yang sebelomnya.aamiin
NnqTib39sao,Sedap  lagu
NnqTib39sao,Yang buat lirik ni org sabah...best lagu ni...lagu raya baru  yg best stakat ni
NnqTib39sao,Antara lagu raya baru yg dapat feel raya bila didengar. ğŸ‘
NnqTib39sao,Tahun 2022 sape tengok kita Geng
NnqTib39sao,Lgi berapa minggu je nk rayağŸ˜†â¤ï¸
NnqTib39sao,15.04.2022ğŸ˜
NnqTib39sao,hi 2022 masih tgk ni hihi]
NnqTib39sao,Bestnyee lagu ni..8 tahun dh berlaluğŸ˜ŒğŸ˜Œ
NnqTib39sao,Lagu fav untuk hari raya..2022
NnqTib39sao,2022 12/4ğŸ¥°ğŸ¥°
NnqTib39sao,Alhamdulillah tahun ni dapat beraya dgn full family ğŸ¥°ğŸ¥°aku doakan korang pon sama
NnqTib39sao,Kan dh nk raya ni best aa dengar
NnqTib39sao,seronok kan laju dulu tngok hiburan best.. skrang tah apa2 slow ğŸ˜ğŸ˜ğŸ‘ğŸ‘
NnqTib39sao,",2022 ğŸ’ªğŸ»ğŸ’ªğŸ»ğŸ’ªğŸ»ğŸ¤£ğŸ¤£ğŸ¤£"
NnqTib39sao,I'm from Wakanda and love this song. WAKANDA FOREVER!
NnqTib39sao,Sapa dh start dengar lagu ni 2022
NnqTib39sao,Siap2 raya dah menjelang tiba untuk di tahun 2022 mari raikkan bersama
NnqTib39sao,2022
NnqTib39sao,"Laug ni best sangat2... waktu sekolah menengah form 2, lagu ni la pakai untuk persembahan sempena Hari raya... persembahan dengan kawan.... saya berlakon sbg lelaki bersongkok hahahah. Rindu sangat2...... memang memory la"
NnqTib39sao,I love this song.. Selamat Hari Raya.. jemput datang kat anfield nanti ye..
NnqTib39sao,"From 2022ğŸ—¿, but still putar lagu ni ğŸ§â¤ï¸"
NnqTib39sao,2022 hadirğŸ™‹ğŸ»â€â™‚ï¸bru 5 hri puasa dh lyan lgu rya hehe geng angkt tngn skit
NnqTib39sao,1:27
NnqTib39sao,Tak tahu kenapa dalam banyk banyak lagu raya yang moden punya ini lah lagu buat aku semangat nak raya hahaha
NnqTib39sao,Aku blh ckp lagu raya yg Bru yg nie la pling sdap aku dgr..Salam Ramadhan 2022..semoga 2022 nie kita dpt braya mcm thun2 sblmnya hadir covid-19..balas dendam 2 thun braya pkp..hadir support anak 90an..âœ…
NnqTib39sao,2022
NnqTib39sao,Video klip raya ni tlah di buat di kampung jenjarom..kampungky kebanggaanku
NnqTib39sao,puasa kdua tahun ni..4april 2022 .. fav lagu raya ever....
NnqTib39sao,Sapa suka dengar lagu ni dari 2018
NnqTib39sao,Ramadhan 2022 nih msh dengar lagu iniğŸ¥°
NnqTib39sao,"Jom layan Lagu 'Ullasa Aidilfitri'  Yang Juga Berjaya Mencipta Rekod Di Malaysia Book Of Records - Nyanyian Dr.Azahar & Balqiz https://youtu.be/TNwvMEBCqhY
Jom Kongsi & Like ğŸ‘ğŸ» #SupportOrangKita
(Lagu Hari Raya Aidilfitri Tamil Pertama Di Malaysia)"
NnqTib39sao,Semoga kita di permudahkan kita beraya tahun 2022 niğŸ¥°
NnqTib39sao,Minta' rayatahun inibuwi slamadsmuwa
NnqTib39sao,Dyegi dcnidhâ¤efmdgo dgmsetpğŸ‰egmo
NnqTib39sao,1st day sebelum puasa 2022 ğŸ˜‚ sebab teringat
NnqTib39sao,Mood raya on
NnqTib39sao,Yayyy raya
NnqTib39sao,wiii rayaaaa
NnqTib39sao,siapa tengok 2022 sep sikitğŸ¤£ğŸ˜ vibes raya kalini lain skit sebab dapat balik kg inshaAllah after 2 years pkp we cannot back to hometown. Btw selamat menyambut puasa 4 hari lagi ! Jom ambik vibes raya tu
NnqTib39sao,5 hri lgi nk puasa hrap2 raya thun ni x pkp lağŸ˜­ğŸ˜­
NnqTib39sao,tak lama lagi nak puasa ğŸ™‚
NnqTib39sao,Lagu raya paling Best
NnqTib39sao,"(28.3.2022) 10.41am sambil menungu barang untuk Di hantar ""AHAD NI BERMULALAH RAMADAN YANG PERTAMA ""Selamat menjalanka ibadah puasa dengan jayanya amin amin ya rabbal alamin"
NnqTib39sao,2022 still dengar ğŸ˜†â¤ï¸
NnqTib39sao,"ğŸ¤ ULLASA AIDILFITRI ğŸ¤
Karaoke Available Now 
ğŸ‘‡ğŸ»ğŸ‘‡ğŸ»ğŸ‘‡ğŸ»
https://youtu.be/jQe3toarnyM
Like â¡ï¸ Share â¡ï¸ Subscribe"
NnqTib39sao,Yahooo.... Rayaa!!
NnqTib39sao,sejata apa paling tagam dpik oleh citan.
NnqTib39sao,taun ni bleh raya guys
NnqTib39sao,Wah masih disini pada tahun 2022
NnqTib39sao,x sabar nk raya ><
NnqTib39sao,Tabik dgn neeta kan dia Cristian ğŸ¥°
NnqTib39sao,Yeyet raye
NnqTib39sao,sape dtg sbb dh nk raye ğŸ˜‚
NnqTib39sao,2022 ğŸ¥°
NnqTib39sao,Alhamdulilah
NnqTib39sao,2022 dengar lagi do
NnqTib39sao,Moga ada sinar utk beraya tahun 2022 ni
NnqTib39sao,55555555555555555
NnqTib39sao,2022 hadir âœ¨âœ¨
NnqTib39sao,sje ambik mood ..bulan depan kan dah start pose dlm endemik
NnqTib39sao,2022 dah nk msuk bulan ramadhan. Agak2 blh blik raya x ?
NnqTib39sao,lambat lagi nak raya ni hmm ğŸ¥ºğŸ¥º
NnqTib39sao,Lagi berapa minggu lagi je nk puasa..aura raya dah datang..SELAMAT MENYAMBUT BULAN RAMADHAN SEMUA BAGI UMAT ISLAM.
NnqTib39sao,2022 ada geng ke ? Tak sabar nk puasa ni ğŸ˜Š
NnqTib39sao,Ya Allah rindunya raya mcm ni ğŸ˜­...hrp tahun ni raya mcm ni lah
NnqTib39sao,4 dos baru bole balik kg=2022
NnqTib39sao,"Ceria je lagu raya ni. Sesuai utk ank2 muda. Teringat zaman study dulu2.. tak sabar nak blk kg jmp saudara mara kwn2.. btw, neeta youâ€™re so sweet lahğŸ¥°"
NnqTib39sao,lovenya suara (/Ï‰ï¼¼) 16 tahun hidup bru tahu bukan najwa latif sorang ja yg nyanyiğŸ˜ğŸ˜
NnqTib39sao,Hello kawan2 sy dri masa depan tahun 2022 â¤ğŸ˜‚
NnqTib39sao,Simpan 2022â¤ï¸ğŸ”¥ semoga panjang umurğŸ™
NnqTib39sao,2022
NnqTib39sao,Sedap lagunya. Salam dari INDONESIA
NnqTib39sao,Rindu Nye :((
NnqTib39sao,1 bulan je lagi nk puasağŸ˜­ğŸ˜­ğŸ˜­ğŸ’—ğŸ’—ğŸ’—ğŸ’—
NnqTib39sao,2022 pon still tgk lagiâ€¦ kalah lagu iman troye yang tah ape ape tu..rindu suasana raya yang lama :)ğŸ’—
NnqTib39sao,Hi
NnqTib39sao,ğŸ’ª
NnqTib39sao,"Masa keje kt mall, lagu ni asyik berputar je..teringat dulu keje mall sebelum COVID-19"
NnqTib39sao,Creed cc be.k no
NnqTib39sao,Sumpah rindu abissssss...
NnqTib39sao,Nak balik kampung and raya mcm dulu ğŸ¥º
NnqTib39sao,rakaman kat mana abang-abang. Kelantan ke?
NnqTib39sao,â¤ï¸
NnqTib39sao,Saya dari masa depan thn 2022 dapat raya
NnqTib39sao,2022 masih setia mendegar nya ğŸ¥°
NnqTib39sao,hiyah
NnqTib39sao,"Everyone 2022...say hai ğŸ™‹

23/01/2022
Mudah2han raya Kali ini bermakna buat kita semua.
In shaa Allah.. Aamiin"
NnqTib39sao,"Lagu ni viral 2020 biarpun pkp time tu, tpi kenangan terawih ngan solat raya ramai ii sama keluarga di rumah tkkan pernah hilang di ingatan ğŸ˜©ğŸ˜©"
NnqTib39sao,Miss â¤ï¸
NnqTib39sao,2022 ada yang tengah layan tak lagu ni ğŸ˜† harap dapat lah kite beraya tahun ni. Aminn ğŸ¥º
NnqTib39sao,DjfjdgdjfjdudjdekeudjdkfjdudjdudjdjdjdjdJdudjdjdmjd
NnqTib39sao,SERIOUSLA 8 YEARS AGO??! ğŸ˜­
NnqTib39sao,"Walaupun lagu raya ni versi modern,tapi lagi best yg skrng ntah pape..."
NnqTib39sao,SApe tengok  lagu rayağŸ¥°ğŸ¥°ğŸ¥°
NnqTib39sao,Rindunya hari raya Aidilfitri ğŸ˜ŠğŸ¤²ğŸ¤²ğŸ¥°ğŸ˜‚
NnqTib39sao,#StandbyHariRaya2022ğŸ˜˜ğŸ˜˜ğŸ˜˜
NnqTib39sao,Amik Mood Dulu Tuk Raya Tahun Ni Huhuhu Dgr Cite Raya Tahun Ni Pun Sama Mcm Tahun LepasğŸ¥ºğŸ˜­
NnqTib39sao,Selangor
NnqTib39sao,Hmmm anda pasti...  Omnicorn menanti
NnqTib39sao,"Â @kucingcat9385Â  saya pasti, saya dari masa depan juga ğŸ˜„"
NnqTib39sao,"vibes raya sebenar ada dalam lagu ni , memang sendu dengar lagu ni"
